,nameFirst,nameFull,nameLast
0,Hank,Hank Aaron,Aaron
1,Tommie,Tommie Aaron,Aaron
2,Don,Don Aase,Aase
3,Andy,Andy Abad,Abad
4,John,John Abadie,Abadie
5,Ed,Ed Abbaticchio,Abbaticchio
6,Bert,Bert Abbey,Abbey
7,Charlie,Charlie Abbey,Abbey
8,Dan,Dan Abbott,Abbott
9,Fred,Fred Abbott,Abbott
10,Glenn,Glenn Abbott,Abbott
11,Jeff,Jeff Abbott,Abbott
12,Jim,Jim Abbott,Abbott
13,Kurt,Kurt Abbott,Abbott
14,Kyle,Kyle Abbott,Abbott
15,Ody,Ody Abbott,Abbott
16,Paul,Paul Abbott,Abbott
17,Al,Al Aber,Aber
18,Francis,Francis Abercrombie,Abercrombie
19,Bill,Bill Abernathie,Abernathie
20,Brent,Brent Abernathy,Abernathy
21,Tal,Tal Abernathy,Abernathy
22,Ted,Ted Abernathy,Abernathy
23,Woody,Woody Abernathy,Abernathy
24,Cliff,Cliff Aberson,Aberson
25,Harry,Harry Ables,Ables
26,Shawn,Shawn Abner,Abner
27,Cal,Cal Abrams,Abrams
28,George,George Abrams,Abrams
29,Johnny,Johnny Abrego,Abrego
30,Bobby,Bobby Abreu,Abreu
31,Joe,Joe Abreu,Abreu
32,Bill,Bill Abstein,Abstein
33,Jose,Jose Acevedo,Acevedo
34,Juan,Juan Acevedo,Acevedo
35,Jim,Jim Acker,Acker
36,Tom,Tom Acker,Acker
37,Fritz,Fritz Ackley,Ackley
38,Cy,Cy Acosta,Acosta
39,Ed,Ed Acosta,Acosta
40,Jose,Jose Acosta,Acosta
41,Merito,Merito Acosta,Acosta
42,Mark,Mark Acre,Acre
43,Bill,Bill Adair,Adair
44,Jerry,Jerry Adair,Adair
45,Jimmy,Jimmy Adair,Adair
46,Ace,Ace Adams,Adams
47,Babe,Babe Adams,Adams
48,Bert,Bert Adams,Adams
49,Bob,Bob Adams,Adams
50,Bob,Bob Adams,Adams
51,Bob,Bob Adams,Adams
52,Bobby,Bobby Adams,Adams
53,Buster,Buster Adams,Adams
54,Dan,Dan Adams,Adams
55,Dick,Dick Adams,Adams
56,Doug,Doug Adams,Adams
57,George,George Adams,Adams
58,Glenn,Glenn Adams,Adams
59,Herb,Herb Adams,Adams
60,Jim,Jim Adams,Adams
61,Joe,Joe Adams,Adams
62,Karl,Karl Adams,Adams
63,Mike,Mike Adams,Adams
64,Red,Red Adams,Adams
65,Rick,Rick Adams,Adams
66,Ricky,Ricky Adams,Adams
67,Sparky,Sparky Adams,Adams
68,Spencer,Spencer Adams,Adams
69,Terry,Terry Adams,Adams
70,Willie,Willie Adams,Adams
71,Willie,Willie Adams,Adams
72,Joel,Joel Adamson,Adamson
73,Mike,Mike Adamson,Adamson
74,Joe,Joe Adcock,Adcock
75,Bob,Bob Addis,Addis
76,Jim,Jim Adduci,Adduci
77,Bob,Bob Addy,Addy
78,Morrie,Morrie Aderholt,Aderholt
79,Dewey,Dewey Adkins,Adkins
80,Dick,Dick Adkins,Adkins
81,Doc,Doc Adkins,Adkins
82,Grady,Grady Adkins,Adkins
83,Steve,Steve Adkins,Adkins
84,Henry,Henry Adkinson,Adkinson
85,Dave,Dave Adlesh,Adlesh
86,Troy,Troy Afenir,Afenir
87,Benny,Benny Agbayani,Agbayani
88,Tommie,Tommie Agee,Agee
89,Harry,Harry Agganis,Agganis
90,Joe,Joe Agler,Agler
91,Sam,Sam Agnew,Agnew
92,Juan,Juan Agosto,Agosto
93,Luis,Luis Aguayo,Aguayo
94,Rick,Rick Aguilera,Aguilera
95,Hank,Hank Aguirre,Aguirre
96,Charlie,Charlie Ahearn,Ahearn
97,Pat,Pat Ahearne,Ahearne
98,Willie,Willie Aikens,Aikens
99,Danny,Danny Ainge,Ainge
100,Eddie,Eddie Ainsmith,Ainsmith
101,Kurt,Kurt Ainsworth,Ainsworth
102,Raleigh,Raleigh Aitchison,Aitchison
103,George,George Aiton,Aiton
104,John,John Ake,Ake
105,Jack,Jack Aker,Aker
106,Darrel,Darrel Akerfelds,Akerfelds
107,Bill,Bill Akers,Akers
108,Jerry,Jerry Akers,Akers
109,Gibson,Gibson Alba,Alba
110,Joe,Joe Albanese,Albanese
111,Jose,Jose Alberro,Alberro
112,Butch,Butch Alberts,Alberts
113,Cy,Cy Alberts,Alberts
114,Gus,Gus Alberts,Alberts
115,Ed,Ed Albosta,Albosta
116,Ed,Ed Albrecht,Albrecht
117,Jack,Jack Albright,Albright
118,Vic,Vic Albury,Albury
119,Santo,Santo Alcala,Alcala
120,Israel,Israel Alcantara,Alcantara
121,Luis,Luis Alcaraz,Alcaraz
122,Scotty,Scotty Alcock,Alcock
123,Dale,Dale Alderson,Alderson
124,Scott,Scott Aldred,Aldred
125,Mike,Mike Aldrete,Aldrete
126,Jay,Jay Aldrich,Aldrich
127,Cory,Cory Aldridge,Aldridge
128,Vic,Vic Aldridge,Aldridge
129,Chuck,Chuck Aleno,Aleno
130,Bob,Bob Alexander,Alexander
131,Dale,Dale Alexander,Alexander
132,Doyle,Doyle Alexander,Alexander
133,Gary,Gary Alexander,Alexander
134,Gerald,Gerald Alexander,Alexander
135,Hugh,Hugh Alexander,Alexander
136,Manny,Manny Alexander,Alexander
137,Matt,Matt Alexander,Alexander
138,Nin,Nin Alexander,Alexander
139,Pete,Pete Alexander,Alexander
140,Walt,Walt Alexander,Alexander
141,Antonio,Antonio Alfonseca,Alfonseca
142,Edgardo,Edgardo Alfonzo,Alfonzo
143,Luis,Luis Alicea,Alicea
144,Andy,Andy Allanson,Allanson
145,Brian,Brian Allard,Allard
146,Bernie,Bernie Allen,Allen
147,Bob,Bob Allen,Allen
148,Bob,Bob Allen,Allen
149,Bob,Bob Allen,Allen
150,Bob,Bob Allen,Allen
151,Chad,Chad Allen,Allen
152,Dick,Dick Allen,Allen
153,Dusty,Dusty Allen,Allen
154,Ethan,Ethan Allen,Allen
155,Frank,Frank Allen,Allen
156,Ham,Ham Allen,Allen
157,Hank,Hank Allen,Allen
158,Hezekiah,Hezekiah Allen,Allen
159,Horace,Horace Allen,Allen
160,Jack,Jack Allen,Allen
161,Jamie,Jamie Allen,Allen
162,John,John Allen,Allen
163,Johnny,Johnny Allen,Allen
164,Kim,Kim Allen,Allen
165,Lloyd,Lloyd Allen,Allen
166,Myron,Myron Allen,Allen
167,Neil,Neil Allen,Allen
168,Nick,Nick Allen,Allen
169,Pete,Pete Allen,Allen
170,Rod,Rod Allen,Allen
171,Ron,Ron Allen,Allen
172,Sled,Sled Allen,Allen
173,Gary,Gary Allenson,Allenson
174,Jermaine,Jermaine Allensworth,Allensworth
175,Gene,Gene Alley,Alley
176,Gair,Gair Allie,Allie
177,Bob,Bob Allietta,Allietta
178,Andy,Andy Allison,Allison
179,Art,Art Allison,Allison
180,Bill,Bill Allison,Allison
181,Bob,Bob Allison,Allison
182,Dana,Dana Allison,Allison
183,Doug,Doug Allison,Allison
184,Mack,Mack Allison,Allison
185,Milo,Milo Allison,Allison
186,Beau,Beau Allred,Allred
187,Mel,Mel Almada,Almada
188,Armando,Armando Almanza,Almanza
189,Carlos,Carlos Almanzar,Almanzar
190,Rafael,Rafael Almeida,Almeida
191,Bill,Bill Almon,Almon
192,Erick,Erick Almonte,Almonte
193,Hector,Hector Almonte,Almonte
194,Luis,Luis Aloma,Aloma
195,Roberto,Roberto Alomar,Alomar
196,Sandy,Sandy Alomar,Alomar
197,Sandy,Sandy Alomar,Alomar
198,Felipe,Felipe Alou,Alou
199,Jesus,Jesus Alou,Alou
200,Matty,Matty Alou,Alou
201,Moises,Moises Alou,Alou
202,Whitey,Whitey Alperman,Alperman
203,Dell,Dell Alston,Alston
204,Garvin,Garvin Alston,Alston
205,Tom,Tom Alston,Alston
206,Walter,Walter Alston,Alston
207,Porfi,Porfi Altamirano,Altamirano
208,Ernie,Ernie Alten,Alten
209,Jesse,Jesse Altenburg,Altenburg
210,Dave,Dave Altizer,Altizer
211,George,George Altman,Altman
212,Joe,Joe Altobelli,Altobelli
213,Nick,Nick Altrock,Altrock
214,George,George Alusik,Alusik
215,Luis,Luis Alvarado,Alvarado
216,Clemente,Clemente Alvarez,Alvarez
217,Gabe,Gabe Alvarez,Alvarez
218,Jose,Jose Alvarez,Alvarez
219,Juan,Juan Alvarez,Alvarez
220,Orlando,Orlando Alvarez,Alvarez
221,Ossie,Ossie Alvarez,Alvarez
222,Rogelio,Rogelio Alvarez,Alvarez
223,Tavo,Tavo Alvarez,Alvarez
224,Wilson,Wilson Alvarez,Alvarez
225,Max,Max Alvis,Alvis
226,Billy,Billy Alvord,Alvord
227,Brant,Brant Alyea,Alyea
228,Joey,Joey Amalfitano,Amalfitano
229,Rich,Rich Amaral,Amaral
230,Ruben,Ruben Amaro,Amaro
231,Ruben,Ruben Amaro,Amaro
232,Wayne,Wayne Ambler,Ambler
233,Ed,Ed Amelung,Amelung
234,Red,Red Ames,Ames
235,Doc,Doc Amole,Amole
236,Vicente,Vicente Amor,Amor
237,Sandy,Sandy Amoros,Amoros
238,Walter,Walter Ancker,Ancker
239,Larry,Larry Andersen,Andersen
240,Alf,Alf Anderson,Anderson
241,Allan,Allan Anderson,Anderson
242,Andy,Andy Anderson,Anderson
243,Bill,Bill Anderson,Anderson
244,Bob,Bob Anderson,Anderson
245,Brady,Brady Anderson,Anderson
246,Brian,Brian Anderson,Anderson
247,Bud,Bud Anderson,Anderson
248,Craig,Craig Anderson,Anderson
249,Dave,Dave Anderson,Anderson
250,Dave,Dave Anderson,Anderson
251,Dwain,Dwain Anderson,Anderson
252,Ferrell,Ferrell Anderson,Anderson
253,Fred,Fred Anderson,Anderson
254,Garret,Garret Anderson,Anderson
255,George,George Anderson,Anderson
256,Goat,Goat Anderson,Anderson
257,Hal,Hal Anderson,Anderson
258,Harry,Harry Anderson,Anderson
259,Jim,Jim Anderson,Anderson
260,Jimmy,Jimmy Anderson,Anderson
261,John,John Anderson,Anderson
262,John,John Anderson,Anderson
263,Kent,Kent Anderson,Anderson
264,Larry,Larry Anderson,Anderson
265,Marlon,Marlon Anderson,Anderson
266,Matt,Matt Anderson,Anderson
267,Mike,Mike Anderson,Anderson
268,Mike,Mike Anderson,Anderson
269,Red,Red Anderson,Anderson
270,Rick,Rick Anderson,Anderson
271,Rick,Rick Anderson,Anderson
272,Scott,Scott Anderson,Anderson
273,Sparky,Sparky Anderson,Anderson
274,Varney,Varney Anderson,Anderson
275,Walter,Walter Anderson,Anderson
276,Wingo,Wingo Anderson,Anderson
277,John,John Andre,Andre
278,Ernie,Ernie Andres,Andres
279,Kim,Kim Andrew,Andrew
280,Clayton,Clayton Andrews,Andrews
281,Ed,Ed Andrews,Andrews
282,Elbert,Elbert Andrews,Andrews
283,Fred,Fred Andrews,Andrews
284,Hub,Hub Andrews,Andrews
285,Ivy,Ivy Andrews,Andrews
286,Jim,Jim Andrews,Andrews
287,John,John Andrews,Andrews
288,Mike,Mike Andrews,Andrews
289,Nate,Nate Andrews,Andrews
290,Rob,Rob Andrews,Andrews
291,Shane,Shane Andrews,Andrews
292,Stan,Stan Andrews,Andrews
293,Wally,Wally Andrews,Andrews
294,Bill,Bill Andrus,Andrus
295,Fred,Fred Andrus,Andrus
296,Wiman,Wiman Andrus,Andrus
297,Joaquin,Joaquin Andujar,Andujar
298,Luis,Luis Andujar,Andujar
299,Norm,Norm Angelini,Angelini
300,Tom,Tom Angley,Angley
301,Pat,Pat Ankenman,Ankenman
302,Rick,Rick Ankiel,Ankiel
303,Bill,Bill Annis,Annis
304,Cap,Cap Anson,Anson
305,Eric,Eric Anthony,Anthony
306,Joe,Joe Antolick,Antolick
307,John,John Antonelli,Antonelli
308,Johnny,Johnny Antonelli,Antonelli
309,Bill,Bill Antonello,Antonello
310,Luis,Luis Aparicio,Aparicio
311,Bob,Bob Apodaca,Apodaca
312,Luis,Luis Aponte,Aponte
313,Kevin,Kevin Appier,Appier
314,Fred,Fred Applegate,Applegate
315,Ed,Ed Appleton,Appleton
316,Pete,Pete Appleton,Appleton
317,Luke,Luke Appling,Appling
318,Luis,Luis Aquino,Aquino
319,Angel,Angel Aragon,Aragon
320,Jack,Jack Aragon,Aragon
321,Maurice,Maurice Archdeacon,Archdeacon
322,Fred,Fred Archer,Archer
323,Jim,Jim Archer,Archer
324,Jimmy,Jimmy Archer,Archer
325,George,George Archie,Archie
326,Jose,Jose Arcia,Arcia
327,Dan,Dan Ardell,Ardell
328,Rugger,Rugger Ardizoia,Ardizoia
329,Joe,Joe Ardner,Ardner
330,Danny,Danny Ardoin,Ardoin
331,Frank,Frank Arellanes,Arellanes
332,Hank,Hank Arft,Arft
333,Alex,Alex Arias,Arias
334,George,George Arias,Arias
335,Rudy,Rudy Arias,Arias
336,Buzz,Buzz Arlett,Arlett
337,Don,Don Arlich,Arlich
338,Steve,Steve Arlin,Arlin
339,Marcos,Marcos Armas,Armas
340,Tony,Tony Armas,Armas
341,Tony,Tony Armas,Armas
342,Ed,Ed Armbrister,Armbrister
343,Orville,Orville Armbrust,Armbrust
344,Charlie,Charlie Armbruster,Armbruster
345,Harry,Harry Armbruster,Armbruster
346,Bill,Bill Armour,Armour
347,Bob,Bob Armstrong,Armstrong
348,George,George Armstrong,Armstrong
349,Howard,Howard Armstrong,Armstrong
350,Jack,Jack Armstrong,Armstrong
351,Mike,Mike Armstrong,Armstrong
352,Harry,Harry Arndt,Arndt
353,Larry,Larry Arndt,Arndt
354,Billy,Billy Arnold,Arnold
355,Chris,Chris Arnold,Arnold
356,Jamie,Jamie Arnold,Arnold
357,Scott,Scott Arnold,Arnold
358,Tony,Tony Arnold,Arnold
359,Morrie,Morrie Arnovich,Arnovich
360,Brad,Brad Arnsberg,Arnsberg
361,Orie,Orie Arntzen,Arntzen
362,Rene,Rene Arocha,Arocha
363,Gerry,Gerry Arrigo,Arrigo
364,Rolando,Rolando Arrojo,Arrojo
365,Bronson,Bronson Arroyo,Arroyo
366,Fernando,Fernando Arroyo,Arroyo
367,Luis,Luis Arroyo,Arroyo
368,Rudy,Rudy Arroyo,Arroyo
369,Harry,Harry Arundel,Arundel
370,Tug,Tug Arundel,Arundel
371,Randy,Randy Asadoor,Asadoor
372,Jim,Jim Asbell,Asbell
373,Casper,Casper Asbjornson,Asbjornson
374,Ken,Ken Ash,Ash
375,Richie,Richie Ashburn,Ashburn
376,Alan,Alan Ashby,Ashby
377,Andy,Andy Ashby,Ashby
378,Tucker,Tucker Ashford,Ashford
379,Billy,Billy Ashley,Ashley
380,Tom,Tom Asmussen,Asmussen
381,Bob,Bob Aspromonte,Aspromonte
382,Ken,Ken Aspromonte,Aspromonte
383,Brian,Brian Asselstine,Asselstine
384,Paul,Paul Assenmacher,Assenmacher
385,Pedro,Pedro Astacio,Astacio
386,Joe,Joe Astroth,Astroth
387,Justin,Justin Atchley,Atchley
388,Charlie,Charlie Atherton,Atherton
389,Keith,Keith Atherton,Atherton
390,James,James Atkins,Atkins
391,Tommy,Tommy Atkins,Atkins
392,Al,Al Atkinson,Atkinson
393,Bill,Bill Atkinson,Atkinson
394,Ed,Ed Atkinson,Atkinson
395,Lefty,Lefty Atkinson,Atkinson
396,Dick,Dick Attreau,Attreau
397,Toby,Toby Atwell,Atwell
398,Bill,Bill Atwood,Atwood
399,Jake,Jake Atz,Atz
400,Harry,Harry Aubrey,Aubrey
401,Derek,Derek Aucoin,Aucoin
402,Rich,Rich Aude,Aude
403,Rick,Rick Auerbach,Auerbach
404,Don,Don August,August
405,Dave,Dave Augustine,Augustine
406,Jerry,Jerry Augustine,Augustine
407,Elden,Elden Auker,Auker
408,Leslie,Leslie Aulds,Aulds
409,Doug,Doug Ault,Ault
410,Rich,Rich Aurilia,Aurilia
411,Joe,Joe Ausanio,Ausanio
412,Brad,Brad Ausmus,Ausmus
413,Dennis,Dennis Aust,Aust
414,Henry,Henry Austin,Austin
415,Jeff,Jeff Austin,Austin
416,Jim,Jim Austin,Austin
417,Jimmy,Jimmy Austin,Austin
418,Rick,Rick Austin,Austin
419,Al,Al Autry,Autry
420,Chick,Chick Autry,Autry
421,Chick,Chick Autry,Autry
422,Bruce,Bruce Aven,Aven
423,Earl,Earl Averill,Averill
424,Earl,Earl Averill,Averill
425,Steve,Steve Avery,Avery
426,Bobby,Bobby Avila,Avila
427,Ramon,Ramon Aviles,Aviles
428,Jay,Jay Avrea,Avrea
429,Benny,Benny Ayala,Ayala
430,Bobby,Bobby Ayala,Ayala
431,Manuel,Manuel Aybar,Aybar
432,Jake,Jake Aydelott,Aydelott
433,Bill,Bill Ayers,Ayers
434,Doc,Doc Ayers,Ayers
435,Dick,Dick Aylward,Aylward
436,Bob,Bob Ayrault,Ayrault
437,Joe,Joe Ayrault,Ayrault
438,Joe,Joe Azcue,Azcue
439,Oscar,Oscar Azocar,Azocar
440,Charlie,Charlie Babb,Babb
441,Bob,Bob Babcock,Babcock
442,Loren,Loren Babe,Babe
443,Johnny,Johnny Babich,Babich
444,Charlie,Charlie Babington,Babington
445,Shooty,Shooty Babitt,Babitt
446,Les,Les Backman,Backman
447,Wally,Wally Backman,Backman
448,Eddie,Eddie Bacon,Bacon
449,Mike,Mike Bacsik,Bacsik
450,Mike,Mike Bacsik,Bacsik
451,Fred,Fred Baczewski,Baczewski
452,Art,Art Bader,Bader
453,Lore,Lore Bader,Bader
454,Red,Red Badgro,Badgro
455,Ed,Ed Baecht,Baecht
456,Carlos,Carlos Baerga,Baerga
457,Benito,Benito Baez,Baez
458,Danys,Danys Baez,Baez
459,Jose,Jose Baez,Baez
460,Kevin,Kevin Baez,Baez
461,Jim,Jim Bagby,Bagby
462,Jim,Jim Bagby,Bagby
463,Bill,Bill Bagwell,Bagwell
464,Jeff,Jeff Bagwell,Bagwell
465,Stan,Stan Bahnsen,Bahnsen
466,Ed,Ed Bahr,Bahr
467,Frank,Frank Bahret,Bahret
468,Grover,Grover Baichley,Baichley
469,Scott,Scott Bailes,Bailes
470,Bill,Bill Bailey,Bailey
471,Bill,Bill Bailey,Bailey
472,Bob,Bob Bailey,Bailey
473,Cory,Cory Bailey,Bailey
474,Ed,Ed Bailey,Bailey
475,Fred,Fred Bailey,Bailey
476,Gene,Gene Bailey,Bailey
477,Harvey,Harvey Bailey,Bailey
478,Howard,Howard Bailey,Bailey
479,Jim,Jim Bailey,Bailey
480,King,King Bailey,Bailey
481,Mark,Mark Bailey,Bailey
482,Roger,Roger Bailey,Bailey
483,Steve,Steve Bailey,Bailey
484,Sweetbreads,Sweetbreads Bailey,Bailey
485,Bob,Bob Bailor,Bailor
486,Loren,Loren Bain,Bain
487,Harold,Harold Baines,Baines
488,Doug,Doug Bair,Bair
489,Al,Al Baird,Baird
490,Bob,Bob Baird,Baird
491,Doug,Doug Baird,Baird
492,Jersey,Jersey Bakely,Bakely
493,Dave,Dave Bakenhaster,Bakenhaster
494,Al,Al Baker,Baker
495,Bill,Bill Baker,Baker
496,Bock,Bock Baker,Baker
497,Charlie,Charlie Baker,Baker
498,Chuck,Chuck Baker,Baker
499,Dave,Dave Baker,Baker
500,Del,Del Baker,Baker
501,Doug,Doug Baker,Baker
502,Dusty,Dusty Baker,Baker
503,Ernie,Ernie Baker,Baker
504,Floyd,Floyd Baker,Baker
505,Frank,Frank Baker,Baker
506,Frank,Frank Baker,Baker
507,Frank,Frank Baker,Baker
508,Gene,Gene Baker,Baker
509,George,George Baker,Baker
510,Howard,Howard Baker,Baker
511,Jack,Jack Baker,Baker
512,Jesse,Jesse Baker,Baker
513,Jesse,Jesse Baker,Baker
514,Kirtley,Kirtley Baker,Baker
515,Neal,Neal Baker,Baker
516,Norm,Norm Baker,Baker
517,Phil,Phil Baker,Baker
518,Scott,Scott Baker,Baker
519,Steve,Steve Baker,Baker
520,Tom,Tom Baker,Baker
521,Tom,Tom Baker,Baker
522,Tracy,Tracy Baker,Baker
523,Paul,Paul Bako,Bako
524,Mike,Mike Balas,Balas
525,John,John Balaz,Balaz
526,Steve,Steve Balboni,Balboni
527,Bobby,Bobby Balcena,Balcena
528,Jack,Jack Baldschun,Baldschun
529,Billy,Billy Baldwin,Baldwin
530,Dave,Dave Baldwin,Baldwin
531,Frank,Frank Baldwin,Baldwin
532,Harry,Harry Baldwin,Baldwin
533,Henry,Henry Baldwin,Baldwin
534,James,James Baldwin,Baldwin
535,Jeff,Jeff Baldwin,Baldwin
536,Kid,Kid Baldwin,Baldwin
537,Lady,Lady Baldwin,Baldwin
538,Mark,Mark Baldwin,Baldwin
539,O.F.,O.F. Baldwin,Baldwin
540,Reggie,Reggie Baldwin,Baldwin
541,Rick,Rick Baldwin,Baldwin
542,John,John Bale,Bale
543,Mike,Mike Balenti,Balenti
544,Lee,Lee Bales,Bales
545,Grant,Grant Balfour,Balfour
546,Art,Art Ball,Ball
547,Jeff,Jeff Ball,Ball
548,Jim,Jim Ball,Ball
549,Neal,Neal Ball,Ball
550,Jeff,Jeff Ballard,Ballard
551,Pelham,Pelham Ballenger,Ballenger
552,Jay,Jay Baller,Baller
553,Mark,Mark Ballinger,Ballinger
554,Win,Win Ballou,Ballou
555,Tony,Tony Balsamo,Balsamo
556,George,George Bamberger,Bamberger
557,Hal,Hal Bamberger,Bamberger
558,Stud,Stud Bancker,Bancker
559,Dave,Dave Bancroft,Bancroft
560,Frank,Frank Bancroft,Bancroft
561,Chris,Chris Bando,Bando
562,Sal,Sal Bando,Bando
563,Eddie,Eddie Bane,Bane
564,Dick,Dick Baney,Baney
565,Jeff,Jeff Banister,Banister
566,Dan,Dan Bankhead,Bankhead
567,Scott,Scott Bankhead,Bankhead
568,Bill,Bill Banks,Banks
569,Brian,Brian Banks,Banks
570,Ernie,Ernie Banks,Banks
571,George,George Banks,Banks
572,Willie,Willie Banks,Banks
573,Everett,Everett Bankston,Bankston
574,Jim,Jim Banning,Banning
575,Alan,Alan Bannister,Bannister
576,Floyd,Floyd Bannister,Bannister
577,Jimmy,Jimmy Bannon,Bannon
578,Tom,Tom Bannon,Bannon
579,Jack,Jack Banta,Banta
580,Travis,Travis Baptist,Baptist
581,Rod,Rod Barajas,Barajas
582,Walter,Walter Barbare,Barbare
583,Red,Red Barbary,Barbary
584,Jap,Jap Barbeau,Barbeau
585,Dave,Dave Barbee,Barbee
586,Brian,Brian Barber,Barber
587,Charlie,Charlie Barber,Barber
588,Steve,Steve Barber,Barber
589,Steve,Steve Barber,Barber
590,Turner,Turner Barber,Barber
591,Frank,Frank Barberich,Barberich
592,Bret,Bret Barberie,Barberie
593,Jim,Jim Barbieri,Barbieri
594,Lorenzo,Lorenzo Barcelo,Barcelo
595,Curt,Curt Barclay,Barclay
596,George,George Barclay,Barclay
597,Ray,Ray Bare,Bare
598,Jesse,Jesse Barfield,Barfield
599,John,John Barfield,Barfield
600,Clyde,Clyde Barfoot,Barfoot
601,Greg,Greg Bargar,Bargar
602,Cy,Cy Barger,Barger
603,Brian,Brian Bark,Bark
604,Al,Al Barker,Barker
605,Glen,Glen Barker,Barker
606,Kevin,Kevin Barker,Barker
607,Len,Len Barker,Barker
608,Ray,Ray Barker,Barker
609,Richie,Richie Barker,Barker
610,Andy,Andy Barkett,Barkett
611,Brian,Brian Barkley,Barkley
612,Jeff,Jeff Barkley,Barkley
613,Red,Red Barkley,Barkley
614,Sam,Sam Barkley,Barkley
615,Al,Al Barlick,Barlick
616,Mike,Mike Barlow,Barlow
617,Tom,Tom Barlow,Barlow
618,Bruce,Bruce Barmes,Barmes
619,Babe,Babe Barna,Barna
620,Charlie,Charlie Barnabe,Barnabe
621,Bill,Bill Barnes,Barnes
622,Bob,Bob Barnes,Barnes
623,Brian,Brian Barnes,Barnes
624,Eppie,Eppie Barnes,Barnes
625,Frank,Frank Barnes,Barnes
626,Frank,Frank Barnes,Barnes
627,Honey,Honey Barnes,Barnes
628,Jesse,Jesse Barnes,Barnes
629,John,John Barnes,Barnes
630,Junie,Junie Barnes,Barnes
631,Larry,Larry Barnes,Barnes
632,Lute,Lute Barnes,Barnes
633,Red,Red Barnes,Barnes
634,Rich,Rich Barnes,Barnes
635,Ross,Ross Barnes,Barnes
636,Sam,Sam Barnes,Barnes
637,Skeeter,Skeeter Barnes,Barnes
638,Virgil,Virgil Barnes,Barnes
639,Ed,Ed Barney,Barney
640,Rex,Rex Barney,Barney
641,Clyde,Clyde Barnhart,Barnhart
642,Edgar,Edgar Barnhart,Barnhart
643,Les,Les Barnhart,Barnhart
644,Vic,Vic Barnhart,Barnhart
645,George,George Barnicle,Barnicle
646,Billy,Billy Barnie,Barnie
647,Ed,Ed Barnowski,Barnowski
648,Salome,Salome Barojas,Barojas
649,Dick,Dick Barone,Barone
650,Bob,Bob Barr,Barr
651,Bob,Bob Barr,Barr
652,Jim,Jim Barr,Barr
653,Scotty,Scotty Barr,Barr
654,Steve,Steve Barr,Barr
655,Cuno,Cuno Barragan,Barragan
656,German,German Barranca,Barranca
657,,,Barrett
658,Bill,Bill Barrett,Barrett
659,Bill,Bill Barrett,Barrett
660,Bob,Bob Barrett,Barrett
661,Dick,Dick Barrett,Barrett
662,Frank,Frank Barrett,Barrett
663,Jimmy,Jimmy Barrett,Barrett
664,Johnny,Johnny Barrett,Barrett
665,Marty,Marty Barrett,Barrett
666,Marty,Marty Barrett,Barrett
667,Michael,Michael Barrett,Barrett
668,Red,Red Barrett,Barrett
669,Tim,Tim Barrett,Barrett
670,Tom,Tom Barrett,Barrett
671,Francisco,Francisco Barrios,Barrios
672,Jose,Jose Barrios,Barrios
673,Manuel,Manuel Barrios,Barrios
674,Frank,Frank Barron,Barron
675,Red,Red Barron,Barron
676,Tony,Tony Barron,Barron
677,Ed,Ed Barrow,Barrow
678,Cuke,Cuke Barrows,Barrows
679,Frank,Frank Barrows,Barrows
680,Ed,Ed Barry,Barry
681,Hardin,Hardin Barry,Barry
682,Jack,Jack Barry,Barry
683,Jeff,Jeff Barry,Barry
684,Rich,Rich Barry,Barry
685,Shad,Shad Barry,Barry
686,Tom,Tom Barry,Barry
687,Kimera,Kimera Bartee,Bartee
688,Dick,Dick Bartell,Bartell
689,Bob,Bob Barthelson,Barthelson
690,John,John Barthold,Barthold
691,Les,Les Bartholomew,Bartholomew
692,Tony,Tony Bartirome,Bartirome
693,Bill,Bill Bartley,Bartley
694,Boyd,Boyd Bartley,Bartley
695,Irv,Irv Bartling,Bartling
696,Bob,Bob Barton,Barton
697,Harry,Harry Barton,Barton
698,Shawn,Shawn Barton,Barton
699,Vince,Vince Barton,Barton
700,Dave,Dave Bartosch,Bartosch
701,Charlie,Charlie Bartson,Bartson
702,Monty,Monty Basgall,Basgall
703,Al,Al Baschang,Baschang
704,Walt,Walt Bashore,Bashore
705,Eddie,Eddie Basinski,Basinski
706,Jim,Jim Baskette,Baskette
707,Dick,Dick Bass,Bass
708,Doc,Doc Bass,Bass
709,John,John Bass,Bass
710,Kevin,Kevin Bass,Bass
711,Norm,Norm Bass,Bass
712,Randy,Randy Bass,Bass
713,Charley,Charley Bassett,Bassett
714,Johnny,Johnny Bassler,Bassler
715,Charlie,Charlie Bastian,Bastian
716,Emil,Emil Batch,Batch
717,Joe,Joe Batchelder,Batchelder
718,Rich,Rich Batchelor,Batchelor
719,John,John Bateman,Bateman
720,Billy,Billy Bates,Bates
721,Bud,Bud Bates,Bates
722,Charlie,Charlie Bates,Bates
723,Del,Del Bates,Bates
724,Dick,Dick Bates,Bates
725,Frank,Frank Bates,Bates
726,Jason,Jason Bates,Bates
727,John,John Bates,Bates
728,Johnny,Johnny Bates,Bates
729,Ray,Ray Bates,Bates
730,Bill,Bill Bathe,Bathe
731,Miguel,Miguel Batista,Batista
732,Rafael,Rafael Batista,Batista
733,Tony,Tony Batista,Batista
734,Kevin,Kevin Batiste,Batiste
735,Kim,Kim Batiste,Batiste
736,Bill,Bill Batsch,Batsch
737,Larry,Larry Battam,Battam
738,George,George Batten,Batten
739,Earl,Earl Battey,Battey
740,Joe,Joe Battin,Battin
741,Allen,Allen Battle,Battle
742,Howard,Howard Battle,Battle
743,Jim,Jim Battle,Battle
744,Chris,Chris Batton,Batton
745,Matt,Matt Batts,Batts
746,Hank,Hank Bauer,Bauer
747,Lou,Lou Bauer,Bauer
748,Rick,Rick Bauer,Bauer
749,Al,Al Bauer,Bauer
750,Russ,Russ Bauers,Bauers
751,Justin,Justin Baughman,Baughman
752,Frank,Frank Baumann,Baumann
753,Paddy,Paddy Baumann,Baumann
754,Jim,Jim Baumer,Baumer
755,George,George Baumgardner,Baumgardner
756,Ross,Ross Baumgarten,Baumgarten
757,Harry,Harry Baumgartner,Baumgartner
758,John,John Baumgartner,Baumgartner
759,Stan,Stan Baumgartner,Baumgartner
760,Frank,Frank Baumholtz,Baumholtz
761,George,George Bausewine,Bausewine
762,Ed,Ed Bauta,Bauta
763,Danny,Danny Bautista,Bautista
764,Jose,Jose Bautista,Bautista
765,Jim,Jim Baxes,Baxes
766,Mike,Mike Baxes,Baxes
767,Moose,Moose Baxter,Baxter
768,Harry,Harry Bay,Bay
769,Dick,Dick Bayless,Bayless
770,Don,Don Baylor,Baylor
771,Bill,Bill Bayne,Bayne
772,Jack,Jack Beach,Beach
773,Bob,Bob Beall,Beall
774,Johnny,Johnny Beall,Beall
775,Walter,Walter Beall,Beall
776,Tommy,Tommy Beals,Beals
777,Alex,Alex Beam,Beam
778,Ernie,Ernie Beam,Beam
779,Charlie,Charlie Beamon,Beamon
780,Charlie,Charlie Beamon,Beamon
781,Trey,Trey Beamon,Beamon
782,Belve,Belve Bean,Bean
783,Bill,Bill Bean,Bean
784,Joe,Joe Bean,Bean
785,Billy,Billy Beane,Beane
786,Dave,Dave Beard,Beard
787,Mike,Mike Beard,Beard
788,Ollie,Ollie Beard,Beard
789,Ralph,Ralph Beard,Beard
790,Ted,Ted Beard,Beard
791,Gene,Gene Bearden,Bearden
792,Gary,Gary Beare,Beare
793,Larry,Larry Bearnarth,Bearnarth
794,Kevin,Kevin Bearse,Bearse
795,Chris,Chris Beasley,Beasley
796,Lew,Lew Beasley,Beasley
797,Ed,Ed Beatin,Beatin
798,Dave,Dave Beatle,Beatle
799,Jim,Jim Beattie,Beattie
800,Blaine,Blaine Beatty,Beatty
801,Desmond,Desmond Beatty,Beatty
802,Jim,Jim Beauchamp,Beauchamp
803,Ginger,Ginger Beaumont,Beaumont
804,Ed,Ed Beavens,Beavens
805,Johnny,Johnny Beazley,Beazley
806,Buck,Buck Becannon,Becannon
807,George,George Bechtel,Bechtel
808,Boom-Boom,Boom-Boom Beck,Beck
809,Clyde,Clyde Beck,Beck
810,Erve,Erve Beck,Beck
811,Frank,Frank Beck,Beck
812,Fred,Fred Beck,Beck
813,George,George Beck,Beck
814,Rich,Rich Beck,Beck
815,Rod,Rod Beck,Beck
816,Zinn,Zinn Beck,Beck
817,Heinie,Heinie Beckendorf,Beckendorf
818,Beals,Beals Becker,Becker
819,Bob,Bob Becker,Becker
820,Charlie,Charlie Becker,Becker
821,Heinz,Heinz Becker,Becker
822,Joe,Joe Becker,Becker
823,Marty,Marty Becker,Becker
824,Rich,Rich Becker,Becker
825,Glenn,Glenn Beckert,Beckert
826,Josh,Josh Beckett,Beckett
827,Robbie,Robbie Beckett,Beckett
828,Jake,Jake Beckley,Beckley
829,Jim,Jim Beckman,Beckman
830,Bill,Bill Beckmann,Beckmann
831,Joe,Joe Beckwith,Beckwith
832,Julio,Julio Becquer,Becquer
833,Howie,Howie Bedell,Bedell
834,Gene,Gene Bedford,Bedford
835,Phil,Phil Bedgood,Bedgood
836,Hugh,Hugh Bedient,Bedient
837,Andy,Andy Bednar,Bednar
838,Steve,Steve Bedrosian,Bedrosian
839,Fred,Fred Beebe,Beebe
840,Matt,Matt Beech,Beech
841,Ed,Ed Beecher,Beecher
842,Ed,Ed Biecher,Biecher
843,Roy,Roy Beecher,Beecher
844,Jodie,Jodie Beeler,Beeler
845,Andy,Andy Beene,Beene
846,Fred,Fred Beene,Beene
847,Clarence,Clarence Beers,Beers
848,Joe,Joe Beggs,Beggs
849,Ed,Ed Begley,Begley
850,Gene,Gene Begley,Begley
851,Jim,Jim Begley,Begley
852,Petie,Petie Behan,Behan
853,Steve,Steve Behel,Behel
854,Rick,Rick Behenna,Behenna
855,Mel,Mel Behney,Behney
856,Hank,Hank Behrman,Behrman
857,Joe,Joe Beimel,Beimel
858,Kevin,Kevin Beirne,Beirne
859,Ollie,Ollie Bejma,Bejma
860,Mark,Mark Belanger,Belanger
861,Wayne,Wayne Belardi,Belardi
862,Kevin,Kevin Belcher,Belcher
863,Tim,Tim Belcher,Belcher
864,Ira,Ira Belden,Belden
865,Stan,Stan Belinda,Belinda
866,Bo,Bo Belinsky,Belinsky
867,Todd,Todd Belitz,Belitz
868,Tim,Tim Belk,Belk
869,Beau,Beau Bell,Bell
870,Bill,Bill Bell,Bell
871,Buddy,Buddy Bell,Bell
872,Charlie,Charlie Bell,Bell
873,Cool Papa,Cool Papa Bell,Bell
874,David,David Bell,Bell
875,Derek,Derek Bell,Bell
876,Eric,Eric Bell,Bell
877,Fern,Fern Bell,Bell
878,Frank,Frank Bell,Bell
879,Gary,Gary Bell,Bell
880,George,George Bell,Bell
881,George,George Bell,Bell
882,Gus,Gus Bell,Bell
883,Hi,Hi Bell,Bell
884,Jay,Jay Bell,Bell
885,Jerry,Jerry Bell,Bell
886,Juan,Juan Bell,Bell
887,Kevin,Kevin Bell,Bell
888,Les,Les Bell,Bell
889,Mike,Mike Bell,Bell
890,Mike,Mike Bell,Bell
891,Ralph,Ralph Bell,Bell
892,Rob,Rob Bell,Bell
893,Rudy,Rudy Bell,Bell
894,Terry,Terry Bell,Bell
895,Zeke,Zeke Bella,Bella
896,Steve,Steve Bellan,Bellan
897,Albert,Albert Belle,Belle
898,Mark,Mark Bellhorn,Bellhorn
899,Rafael,Rafael Belliard,Belliard
900,Ron,Ron Belliard,Belliard
901,Clay,Clay Bellinger,Bellinger
902,Jack,Jack Bellman,Bellman
903,Rob,Rob Belloir,Belloir
904,Carlos,Carlos Beltran,Beltran
905,Rigo,Rigo Beltran,Beltran
906,Adrian,Adrian Beltre,Beltre
907,Esteban,Esteban Beltre,Beltre
908,Harry,Harry Bemis,Bemis
909,Marvin,Marvin Benard,Benard
910,Freddie,Freddie Benavides,Benavides
911,Johnny,Johnny Bench,Bench
912,Chief,Chief Bender,Bender
913,Art,Art Benedict,Benedict
914,Bruce,Bruce Benedict,Benedict
915,Alan,Alan Benes,Benes
916,Andy,Andy Benes,Benes
917,Joe,Joe Benes,Benes
918,Ray,Ray Benge,Benge
919,Benny,Benny Bengough,Bengough
920,Juan,Juan Beniquez,Beniquez
921,Armando,Armando Benitez,Benitez
922,Yamil,Yamil Benitez,Benitez
923,Mike,Mike Benjamin,Benjamin
924,Stan,Stan Benjamin,Benjamin
925,Henry,Henry Benn,Benn
926,Ike,Ike Benners,Benners
927,Charlie,Charlie Bennett,Bennett
928,Dave,Dave Bennett,Bennett
929,Dennis,Dennis Bennett,Bennett
930,Erik,Erik Bennett,Bennett
931,Frank,Frank Bennett,Bennett
932,Fred,Fred Bennett,Bennett
933,Gary,Gary Bennett,Bennett
934,Herschel,Herschel Bennett,Bennett
935,Joe,Joe Bennett,Bennett
936,Joel,Joel Bennett,Bennett
937,Pug,Pug Bennett,Bennett
938,Shayne,Shayne Bennett,Bennett
939,Joaquin,Joaquin Benoit,Benoit
940,Allen,Allen Benson,Benson
941,Kris,Kris Benson,Benson
942,Vern,Vern Benson,Benson
943,Cy,Cy Bentley,Bentley
944,Jack,Jack Bentley,Bentley
945,Al,Al Benton,Benton
946,Butch,Butch Benton,Benton
947,Larry,Larry Benton,Benton
948,Rabbit,Rabbit Benton,Benton
949,Rube,Rube Benton,Benton
950,Sid,Sid Benton,Benton
951,Joe,Joe Benz,Benz
952,Todd,Todd Benzinger,Benzinger
953,Johnny,Johnny Berardino,Berardino
954,Lou,Lou Berberet,Berberet
955,Jeff,Jeff Berblinger,Berblinger
956,Jason,Jason Bere,Bere
957,Juan,Juan Berenguer,Berenguer
958,Bruce,Bruce Berenyi,Berenyi
959,Dave,Dave Berg,Berg
960,Moe,Moe Berg,Berg
961,Augie,Augie Bergamo,Bergamo
962,Bill,Bill Bergen,Bergen
963,Marty,Marty Bergen,Bergen
964,Boze,Boze Berger,Berger
965,Brandon,Brandon Berger,Berger
966,Clarence,Clarence Berger,Berger
967,Heinie,Heinie Berger,Berger
968,Joe,Joe Berger,Berger
969,Johnny,Johnny Berger,Berger
970,Tun,Tun Berger,Berger
971,Wally,Wally Berger,Berger
972,Peter,Peter Bergeron,Bergeron
973,John,John Bergh,Bergh
974,Marty,Marty Berghammer,Berghammer
975,Al,Al Bergman,Bergman
976,Dave,Dave Bergman,Bergman
977,Sean,Sean Bergman,Bergman
978,Frank,Frank Berkelbach,Berkelbach
979,Nate,Nate Berkenstock,Berkenstock
980,Lance,Lance Berkman,Berkman
981,Jack,Jack Berly,Berly
982,Bob,Bob Berman,Berman
983,Victor,Victor Bernal,Bernal
984,Curt,Curt Bernard,Bernard
985,Dwight,Dwight Bernard,Bernard
986,Joe,Joe Bernard,Bernard
987,Tony,Tony Bernazard,Bernazard
988,Adam,Adam Bernero,Bernero
989,Bill,Bill Bernhard,Bernhard
990,Juan,Juan Bernhardt,Bernhardt
991,Walter,Walter Bernhardt,Bernhardt
992,Carlos,Carlos Bernier,Bernier
993,Johnny,Johnny Bero,Bero
994,Dale,Dale Berra,Berra
995,Yogi,Yogi Berra,Berra
996,Dennis,Dennis Berran,Berran
